size,path
,d3
,d3/d3-array
,d3/d3-axis
,d3/d3-brush
,d3/d3-chord
,d3/d3-collection
,d3/d3-color
,d3/d3-dispatch
10,d3/d3-array/北韩.js
5,d3/d3-array/美国.js
8,d3/d3-axis/审查制度.js
7,d3/d3-axis/腐败.js
44,d3/d3-axis/人权律师.js
30,d3/d3-brush/江泽民.js
8,d3/d3-brush/李克强 .js
12,d3/d3-brush/王岐山.js
152,d3/d3-brush/习近平.txt
12,d3/d3-brush/周强.js
12,d3/d3-chord/薄熙来.js
7,d3/d3-chord/法轮功.js
18,d3/d3-chord/郭文贵.js
20,d3/d3-chord/肖建华.js
82,d3/d3-collection/批评共产党.js
25,d3/d3-color/达赖喇嘛.js
33,d3/d3-color/香港.js
20,d3/d3-color/西藏.js
5,d3/d3-color/新疆.js
121,d3/d3-dispatch/天安门.js